{"cameraMode":{"drawMode":0,"name":"Shaded","section":"Shading Mode"},"sceneLighting":false,"audioPlay":false,"sceneViewState":{"m_AlwaysRefresh":false,"showFog":true,"showSkybox":false,"showFlares":true,"showImageEffects":true,"showParticleSystems":true,"showVisualEffectGraphs":true,"m_FxEnabled":true},"in2DMode":false,"pivot":{"x":-12.60491943359375,"y":300.67047119140627,"z":-66.10946655273438},"rotation":{"x":0.015384379774332047,"y":0.9353166818618774,"z":0.040984027087688449,"w":-0.35109448432922366},"size":0.8660253882408142,"orthographic":false}