{"cameraMode":{"drawMode":0,"name":"Shaded","section":"Shading Mode"},"sceneLighting":false,"audioPlay":false,"sceneViewState":{"m_AlwaysRefresh":false,"showFog":true,"showSkybox":false,"showFlares":true,"showImageEffects":true,"showParticleSystems":true,"showVisualEffectGraphs":true,"m_FxEnabled":true},"in2DMode":false,"pivot":{"x":0.014285117387771607,"y":0.0482516884803772,"z":0.012405633926391602},"rotation":{"x":-0.10624629259109497,"y":0.8582440614700317,"z":-0.1975237876176834,"w":-0.46164220571517947},"size":0.7467572689056397,"orthographic":false}